{
  "dataset": "data\\csv\\unified_training_dataset_balanced.csv",
  "rows": 103050,
  "labels": {
    "0": 51525,
    "1": 51525
  },
  "unified_model": "data\\models\\devarchai_unified_model.pkl",
  "baseline_model": "data\\models\\devarchai_structural_baseline.pkl",
  "unified": {
    "accuracy": 0.9008267670690525,
    "classification_report": {
      "0": {
        "precision": 0.8833048771434935,
        "recall": 0.923691973296072,
        "f1-score": 0.9030470914127424,
        "support": 12882.0
      },
      "1": {
        "precision": 0.9200292873413602,
        "recall": 0.8779597857309215,
        "f1-score": 0.8985023636435864,
        "support": 12881.0
      },
      "accuracy": 0.9008267670690525,
      "macro avg": {
        "precision": 0.9016670822424269,
        "recall": 0.9008258795134967,
        "f1-score": 0.9007747275281643,
        "support": 25763.0
      },
      "weighted avg": {
        "precision": 0.9016663695069109,
        "recall": 0.9008267670690525,
        "f1-score": 0.9007748157307761,
        "support": 25763.0
      }
    },
    "confusion_matrix": [
      [
        11899,
        983
      ],
      [
        1572,
        11309
      ]
    ]
  },
  "baseline": {
    "accuracy": 0.5000194076776773,
    "classification_report": {
      "0": {
        "precision": 0.5000194076776773,
        "recall": 1.0,
        "f1-score": 0.6666839177125113,
        "support": 12882.0
      },
      "1": {
        "precision": 0.0,
        "recall": 0.0,
        "f1-score": 0.0,
        "support": 12881.0
      },
      "accuracy": 0.5000194076776773,
      "macro avg": {
        "precision": 0.25000970383883864,
        "recall": 0.5,
        "f1-score": 0.33334195885625567,
        "support": 25763.0
      },
      "weighted avg": {
        "precision": 0.2500194080543352,
        "recall": 0.5000194076776773,
        "f1-score": 0.3333548976428433,
        "support": 25763.0
      }
    },
    "confusion_matrix": [
      [
        12882,
        0
      ],
      [
        12881,
        0
      ]
    ]
  }
}