{
  "dataset": "data\\csv\\unified_training_dataset_balanced.csv",
  "rows": 70756,
  "labels": {
    "0": 35378,
    "1": 35378
  },
  "unified_model": "data\\models\\devarchai_unified_model.pkl",
  "baseline_model": "data\\models\\devarchai_structural_baseline.pkl",
  "unified": {
    "accuracy": 0.937362202498728,
    "classification_report": {
      "0": {
        "precision": 0.9185329438493995,
        "recall": 0.9598643301300169,
        "f1-score": 0.9387439186200797,
        "support": 8845.0
      },
      "1": {
        "precision": 0.9579682690030784,
        "recall": 0.9148575305291723,
        "f1-score": 0.9359167148640832,
        "support": 8844.0
      },
      "accuracy": 0.937362202498728,
      "macro avg": {
        "precision": 0.938250606426239,
        "recall": 0.9373609303295947,
        "f1-score": 0.9373303167420814,
        "support": 17689.0
      },
      "weighted avg": {
        "precision": 0.9382494917412609,
        "recall": 0.937362202498728,
        "f1-score": 0.9373303966562584,
        "support": 17689.0
      }
    },
    "confusion_matrix": [
      [
        8490,
        355
      ],
      [
        753,
        8091
      ]
    ]
  },
  "baseline": {
    "accuracy": 0.5000282661541071,
    "classification_report": {
      "0": {
        "precision": 0.5000282661541071,
        "recall": 1.0,
        "f1-score": 0.666691791663526,
        "support": 8845.0
      },
      "1": {
        "precision": 0.0,
        "recall": 0.0,
        "f1-score": 0.0,
        "support": 8844.0
      },
      "accuracy": 0.5000282661541071,
      "macro avg": {
        "precision": 0.25001413307705356,
        "recall": 0.5,
        "f1-score": 0.333345895831763,
        "support": 17689.0
      },
      "weighted avg": {
        "precision": 0.25002826695308256,
        "recall": 0.5000282661541071,
        "f1-score": 0.3333647406446881,
        "support": 17689.0
      }
    },
    "confusion_matrix": [
      [
        8845,
        0
      ],
      [
        8844,
        0
      ]
    ]
  }
}