{
  "dataset": "data\\csv\\structural_training_dataset.csv",
  "rows": 209,
  "labels": {
    "0": 153,
    "1": 42,
    "2": 14
  },
  "unified_model": "data\\models\\devarchai_unified_model.pkl",
  "baseline_model": "data\\models\\devarchai_structural_baseline.pkl",
  "unified": {
    "accuracy": 0.7358490566037735,
    "classification_report": {
      "0": {
        "precision": 0.7358490566037735,
        "recall": 1.0,
        "f1-score": 0.8478260869565217,
        "support": 39.0
      },
      "1": {
        "precision": 0.0,
        "recall": 0.0,
        "f1-score": 0.0,
        "support": 11.0
      },
      "2": {
        "precision": 0.0,
        "recall": 0.0,
        "f1-score": 0.0,
        "support": 3.0
      },
      "accuracy": 0.7358490566037735,
      "macro avg": {
        "precision": 0.2452830188679245,
        "recall": 0.3333333333333333,
        "f1-score": 0.2826086956521739,
        "support": 53.0
      },
      "weighted avg": {
        "precision": 0.5414738341046635,
        "recall": 0.7358490566037735,
        "f1-score": 0.6238720262510253,
        "support": 53.0
      }
    },
    "confusion_matrix": [
      [
        39,
        0,
        0
      ],
      [
        11,
        0,
        0
      ],
      [
        3,
        0,
        0
      ]
    ]
  },
  "baseline": {
    "accuracy": 0.7358490566037735,
    "classification_report": {
      "0": {
        "precision": 0.7358490566037735,
        "recall": 1.0,
        "f1-score": 0.8478260869565217,
        "support": 39.0
      },
      "1": {
        "precision": 0.0,
        "recall": 0.0,
        "f1-score": 0.0,
        "support": 11.0
      },
      "2": {
        "precision": 0.0,
        "recall": 0.0,
        "f1-score": 0.0,
        "support": 3.0
      },
      "accuracy": 0.7358490566037735,
      "macro avg": {
        "precision": 0.2452830188679245,
        "recall": 0.3333333333333333,
        "f1-score": 0.2826086956521739,
        "support": 53.0
      },
      "weighted avg": {
        "precision": 0.5414738341046635,
        "recall": 0.7358490566037735,
        "f1-score": 0.6238720262510253,
        "support": 53.0
      }
    },
    "confusion_matrix": [
      [
        39,
        0,
        0
      ],
      [
        11,
        0,
        0
      ],
      [
        3,
        0,
        0
      ]
    ]
  }
}