{
  "dataset": "data\\csv\\unified_training_dataset.csv",
  "rows": 165071,
  "labels": {
    "0": 129693,
    "1": 35378
  },
  "unified_model": "data\\models\\devarchai_unified_model.pkl",
  "baseline_model": "data\\models\\devarchai_structural_baseline.pkl",
  "unified": {
    "accuracy": 0.9496462149849763,
    "classification_report": {
      "0": {
        "precision": 0.976209158532375,
        "recall": 0.9592881596397619,
        "f1-score": 0.9676746935473834,
        "support": 32423.0
      },
      "1": {
        "precision": 0.8596789624747528,
        "recall": 0.9143018654607122,
        "f1-score": 0.88614946307254,
        "support": 8845.0
      },
      "accuracy": 0.9496462149849763,
      "macro avg": {
        "precision": 0.9179440605035639,
        "recall": 0.9367950125502371,
        "f1-score": 0.9269120783099617,
        "support": 41268.0
      },
      "weighted avg": {
        "precision": 0.9512331581415233,
        "recall": 0.9496462149849763,
        "f1-score": 0.9502013325037179,
        "support": 41268.0
      }
    },
    "confusion_matrix": [
      [
        31103,
        1320
      ],
      [
        758,
        8087
      ]
    ]
  },
  "baseline": {
    "accuracy": 0.7856692837065038,
    "classification_report": {
      "0": {
        "precision": 0.7856692837065038,
        "recall": 1.0,
        "f1-score": 0.879971774029393,
        "support": 32423.0
      },
      "1": {
        "precision": 0.0,
        "recall": 0.0,
        "f1-score": 0.0,
        "support": 8845.0
      },
      "accuracy": 0.7856692837065038,
      "macro avg": {
        "precision": 0.3928346418532519,
        "recall": 0.5,
        "f1-score": 0.4399858870146965,
        "support": 41268.0
      },
      "weighted avg": {
        "precision": 0.6172762233598909,
        "recall": 0.7856692837065038,
        "f1-score": 0.6913667933836146,
        "support": 41268.0
      }
    },
    "confusion_matrix": [
      [
        32423,
        0
      ],
      [
        8845,
        0
      ]
    ]
  }
}