{
  "dataset": "data\\csv\\unified_training_dataset_balanced.csv",
  "rows": 103050,
  "labels": {
    "0": 51525,
    "1": 51525
  },
  "unified_model": "data\\models\\devarchai_unified_model.pkl",
  "baseline_model": "data\\models\\devarchai_structural_baseline.pkl",
  "unified": {
    "accuracy": 0.9996894771571634,
    "classification_report": {
      "0": {
        "precision": 0.9996894892097501,
        "recall": 0.9996894892097501,
        "f1-score": 0.9996894892097501,
        "support": 12882.0
      },
      "1": {
        "precision": 0.999689465103641,
        "recall": 0.999689465103641,
        "f1-score": 0.999689465103641,
        "support": 12881.0
      },
      "accuracy": 0.9996894771571634,
      "macro avg": {
        "precision": 0.9996894771566955,
        "recall": 0.9996894771566955,
        "f1-score": 0.9996894771566955,
        "support": 25763.0
      },
      "weighted avg": {
        "precision": 0.9996894771571634,
        "recall": 0.9996894771571634,
        "f1-score": 0.9996894771571634,
        "support": 25763.0
      }
    },
    "confusion_matrix": [
      [
        12878,
        4
      ],
      [
        4,
        12877
      ]
    ]
  },
  "baseline": {
    "accuracy": 0.5000194076776773,
    "classification_report": {
      "0": {
        "precision": 0.5000194076776773,
        "recall": 1.0,
        "f1-score": 0.6666839177125113,
        "support": 12882.0
      },
      "1": {
        "precision": 0.0,
        "recall": 0.0,
        "f1-score": 0.0,
        "support": 12881.0
      },
      "accuracy": 0.5000194076776773,
      "macro avg": {
        "precision": 0.25000970383883864,
        "recall": 0.5,
        "f1-score": 0.33334195885625567,
        "support": 25763.0
      },
      "weighted avg": {
        "precision": 0.2500194080543352,
        "recall": 0.5000194076776773,
        "f1-score": 0.3333548976428433,
        "support": 25763.0
      }
    },
    "confusion_matrix": [
      [
        12882,
        0
      ],
      [
        12881,
        0
      ]
    ]
  }
}