{
  "dataset": "data\\csv\\unified_training_dataset_balanced.csv",
  "rows": 70756,
  "labels": {
    "0": 35378,
    "1": 35378
  },
  "unified_model": "data\\models\\devarchai_unified_model.pkl",
  "baseline_model": "data\\models\\devarchai_structural_baseline.pkl",
  "unified": {
    "accuracy": 0.9384928486630109,
    "classification_report": {
      "0": {
        "precision": 0.9191613530746785,
        "recall": 0.961560203504805,
        "f1-score": 0.9398828599845287,
        "support": 8845.0
      },
      "1": {
        "precision": 0.959696538643907,
        "recall": 0.9154228855721394,
        "f1-score": 0.937037037037037,
        "support": 8844.0
      },
      "accuracy": 0.9384928486630109,
      "macro avg": {
        "precision": 0.9394289458592928,
        "recall": 0.9384915445384722,
        "f1-score": 0.9384599485107828,
        "support": 17689.0
      },
      "weighted avg": {
        "precision": 0.9394278000854906,
        "recall": 0.9384928486630109,
        "f1-score": 0.9384600289512527,
        "support": 17689.0
      }
    },
    "confusion_matrix": [
      [
        8505,
        340
      ],
      [
        748,
        8096
      ]
    ]
  },
  "baseline": {
    "accuracy": 0.5000282661541071,
    "classification_report": {
      "0": {
        "precision": 0.5000282661541071,
        "recall": 1.0,
        "f1-score": 0.666691791663526,
        "support": 8845.0
      },
      "1": {
        "precision": 0.0,
        "recall": 0.0,
        "f1-score": 0.0,
        "support": 8844.0
      },
      "accuracy": 0.5000282661541071,
      "macro avg": {
        "precision": 0.25001413307705356,
        "recall": 0.5,
        "f1-score": 0.333345895831763,
        "support": 17689.0
      },
      "weighted avg": {
        "precision": 0.25002826695308256,
        "recall": 0.5000282661541071,
        "f1-score": 0.3333647406446881,
        "support": 17689.0
      }
    },
    "confusion_matrix": [
      [
        8845,
        0
      ],
      [
        8844,
        0
      ]
    ]
  }
}