{
  "dataset": "data\\csv\\unified_training_dataset_balanced.csv",
  "rows": 224,
  "labels": {
    "0": 112,
    "1": 112
  },
  "unified_model": "data\\models\\devarchai_unified_model.pkl",
  "baseline_model": "data\\models\\devarchai_structural_baseline.pkl",
  "unified": {
    "accuracy": 0.8928571428571429,
    "classification_report": {
      "0": {
        "precision": 0.8928571428571429,
        "recall": 0.8928571428571429,
        "f1-score": 0.8928571428571429,
        "support": 28.0
      },
      "1": {
        "precision": 0.8928571428571429,
        "recall": 0.8928571428571429,
        "f1-score": 0.8928571428571429,
        "support": 28.0
      },
      "accuracy": 0.8928571428571429,
      "macro avg": {
        "precision": 0.8928571428571429,
        "recall": 0.8928571428571429,
        "f1-score": 0.8928571428571429,
        "support": 56.0
      },
      "weighted avg": {
        "precision": 0.8928571428571429,
        "recall": 0.8928571428571429,
        "f1-score": 0.8928571428571429,
        "support": 56.0
      }
    },
    "confusion_matrix": [
      [
        25,
        3
      ],
      [
        3,
        25
      ]
    ]
  },
  "baseline": {
    "accuracy": 0.5,
    "classification_report": {
      "0": {
        "precision": 0.0,
        "recall": 0.0,
        "f1-score": 0.0,
        "support": 28.0
      },
      "1": {
        "precision": 0.5,
        "recall": 1.0,
        "f1-score": 0.6666666666666666,
        "support": 28.0
      },
      "accuracy": 0.5,
      "macro avg": {
        "precision": 0.25,
        "recall": 0.5,
        "f1-score": 0.3333333333333333,
        "support": 56.0
      },
      "weighted avg": {
        "precision": 0.25,
        "recall": 0.5,
        "f1-score": 0.3333333333333333,
        "support": 56.0
      }
    },
    "confusion_matrix": [
      [
        0,
        28
      ],
      [
        0,
        28
      ]
    ]
  }
}