{
  "dataset": "data\\csv\\unified_training_dataset_balanced.csv",
  "rows": 89490,
  "labels": {
    "0": 44745,
    "1": 44745
  },
  "unified_model": "data\\models\\devarchai_unified_model.pkl",
  "baseline_model": "data\\models\\devarchai_structural_baseline.pkl",
  "unified": {
    "accuracy": 0.9995083359406427,
    "classification_report": {
      "0": {
        "precision": 0.9994637111190562,
        "recall": 0.9995530526503977,
        "f1-score": 0.9995083798882681,
        "support": 11187.0
      },
      "1": {
        "precision": 0.9995529727313366,
        "recall": 0.9994636152333274,
        "f1-score": 0.9995082919851593,
        "support": 11186.0
      },
      "accuracy": 0.9995083359406427,
      "macro avg": {
        "precision": 0.9995083419251964,
        "recall": 0.9995083339418626,
        "f1-score": 0.9995083359367137,
        "support": 22373.0
      },
      "weighted avg": {
        "precision": 0.9995083399303453,
        "recall": 0.9995083359406427,
        "f1-score": 0.9995083359386782,
        "support": 22373.0
      }
    },
    "confusion_matrix": [
      [
        11182,
        5
      ],
      [
        6,
        11180
      ]
    ]
  },
  "baseline": {
    "accuracy": 0.5000223483663344,
    "classification_report": {
      "0": {
        "precision": 0.5000223483663344,
        "recall": 1.0,
        "f1-score": 0.6666865315852205,
        "support": 11187.0
      },
      "1": {
        "precision": 0.0,
        "recall": 0.0,
        "f1-score": 0.0,
        "support": 11186.0
      },
      "accuracy": 0.5000223483663344,
      "macro avg": {
        "precision": 0.2500111741831672,
        "recall": 0.5,
        "f1-score": 0.33334326579261025,
        "support": 22373.0
      },
      "weighted avg": {
        "precision": 0.2500223488657839,
        "recall": 0.5000223483663344,
        "f1-score": 0.3333581651474483,
        "support": 22373.0
      }
    },
    "confusion_matrix": [
      [
        11187,
        0
      ],
      [
        11186,
        0
      ]
    ]
  }
}