{
  "dataset": "data\\csv\\unified_training_dataset_balanced.csv",
  "rows": 40756,
  "labels": {
    "0": 20378,
    "1": 20378
  },
  "unified_model": "data\\models\\devarchai_unified_model.pkl",
  "baseline_model": "data\\models\\devarchai_structural_baseline.pkl",
  "unified": {
    "accuracy": 0.9175581509470998,
    "classification_report": {
      "0": {
        "precision": 0.8721357355256253,
        "recall": 0.9786064769381747,
        "f1-score": 0.9223085460599334,
        "support": 5095.0
      },
      "1": {
        "precision": 0.9756261180679785,
        "recall": 0.8564978405967806,
        "f1-score": 0.9121890027179594,
        "support": 5094.0
      },
      "accuracy": 0.9175581509470998,
      "macro avg": {
        "precision": 0.9238809267968019,
        "recall": 0.9175521587674776,
        "f1-score": 0.9172487743889464,
        "support": 10189.0
      },
      "weighted avg": {
        "precision": 0.9238758482619828,
        "recall": 0.9175581509470998,
        "f1-score": 0.9172492709805325,
        "support": 10189.0
      }
    },
    "confusion_matrix": [
      [
        4986,
        109
      ],
      [
        731,
        4363
      ]
    ]
  },
  "baseline": {
    "accuracy": 0.5000490725291982,
    "classification_report": {
      "0": {
        "precision": 0.5000490725291982,
        "recall": 1.0,
        "f1-score": 0.6667102852656372,
        "support": 5095.0
      },
      "1": {
        "precision": 0.0,
        "recall": 0.0,
        "f1-score": 0.0,
        "support": 5094.0
      },
      "accuracy": 0.5000490725291982,
      "macro avg": {
        "precision": 0.2500245362645991,
        "recall": 0.5,
        "f1-score": 0.3333551426328186,
        "support": 10189.0
      },
      "weighted avg": {
        "precision": 0.2500490749373113,
        "recall": 0.5000490725291982,
        "f1-score": 0.33338785979275903,
        "support": 10189.0
      }
    },
    "confusion_matrix": [
      [
        5095,
        0
      ],
      [
        5094,
        0
      ]
    ]
  }
}